timestamp,asn,csp,tls,hash,extract_regex,cdn_name,cdn_type,sni,port,url,input,location,title,scheme,error,webserver,body_preview,content_type,method,host,path,favicon,favicon_md5,favicon_path,favicon_url,final_url,time,jarm_hash,chain_status_codes,a,aaaa,cname,tech,extracts,chain,words,lines,status_code,content_length,failed,vhost,websocket,cdn,http2,pipeline,headless_body,screenshot_bytes,stored_response_path,screenshot_path,screenshot_path_rel,knowledgebase,resolvers,trace
2025-11-14 04:56:14.482364508 +0000 UTC m=+1.423544940,"AS54113, fastly, US",<nil>,<nil>,map[],[],fastly,cdn,,443,https://0-------0.bandcamp.com,0-------0.bandcamp.com,https://0-------0.bandcamp.com/album/hope-springs-eternal,,https,,nginx,,,GET,151.101.1.91,/,,,,,,276.616759ms,29d3fd00029d29d00041d41d00041d6b5eefa2404a56c2ced79a0d16afe36c,[],[151.101.65.91 151.101.1.91 151.101.129.91 151.101.193.91],[],[],[HSTS Nginx Varnish],map[],[],11,1,303,184,false,false,false,true,false,false,,[],,,,map[PageType:error pHash:0],[1.1.1.1:53 127.0.0.53:53],<nil>
2025-11-14 04:56:14.647172138 +0000 UTC m=+1.588352580,"AS54113, fastly, US",<nil>,<nil>,map[],[],fastly,cdn,,443,https://0.bandcamp.com,0.bandcamp.com,https://bandcamp.com,,https,,nginx,,,GET,151.101.193.91,/,,,,,,76.059947ms,29d3fd00029d29d00041d41d00041d6b5eefa2404a56c2ced79a0d16afe36c,[],[151.101.129.91 151.101.193.91 151.101.65.91 151.101.1.91],[],[],[HSTS Nginx Varnish],map[],[],11,1,303,110,false,false,false,true,false,false,,[],,,,map[PageType:error pHash:0],[8.8.8.8:53 8.8.4.4:53],<nil>
2025-11-14 04:56:15.305422481 +0000 UTC m=+2.246602913,"AS54113, fastly, US",<nil>,<nil>,map[],[],fastly,cdn,,443,https://0000000.bandcamp.com,0000000.bandcamp.com,https://0000000.bandcamp.com/album/entity,,https,,nginx,,,GET,151.101.129.91,/,,,,,,181.631364ms,29d3fd00029d29d00041d41d00041d6b5eefa2404a56c2ced79a0d16afe36c,[],[151.101.1.91 151.101.129.91 151.101.65.91 151.101.193.91],[],[],[HSTS Nginx Varnish],map[],[],11,1,303,152,false,false,false,true,false,false,,[],,,,map[PageType:error pHash:0],[8.8.4.4:53 127.0.0.53:53],<nil>
2025-11-14 04:56:15.805082246 +0000 UTC m=+2.746262678,"AS54113, fastly, US",<nil>,<nil>,map[],[],fastly,cdn,,443,https://00000000000000.bandcamp.com,00000000000000.bandcamp.com,https://bandcamp.com/signup?new_domain=00000000000000,,https,,nginx,,,GET,151.101.193.91,/,,,,,,105.546057ms,29d3fd00029d29d00041d41d00041d6b5eefa2404a56c2ced79a0d16afe36c,[],[151.101.1.91 151.101.193.91 151.101.65.91 151.101.129.91],[],[],[HSTS Nginx Varnish],map[],[],11,1,303,176,false,false,false,true,false,false,,[],,,,map[PageType:error pHash:0],[1.1.1.1:53 1.0.0.1:53],<nil>
2025-11-14 04:56:15.814119473 +0000 UTC m=+2.755299915,"AS54113, fastly, US",<nil>,<nil>,map[],[],fastly,cdn,,443,https://00-0.bandcamp.com,00-0.bandcamp.com,,Music | 00.0,https,,nginx,,text/html,GET,151.101.65.91,/,1236999934,40fdc9c012ce5232a6145ade571e7bbd,,https://s4.bcbits.com/img/favicon/favicon-16x16.png,,210.310899ms,29d3fd00029d29d00041d41d00041d6b5eefa2404a56c2ced79a0d16afe36c,[],[151.101.65.91 151.101.129.91 151.101.1.91 151.101.193.91],[],[],[HSTS Nginx Stripe Varnish jQuery],map[],[],20021,2209,200,155501,false,false,false,true,false,false,,[],,,,map[PageType:nonerror pHash:0],[127.0.0.53:53 8.8.8.8:53],<nil>
2025-11-14 04:56:15.834992932 +0000 UTC m=+2.776173364,"AS54113, fastly, US",<nil>,<nil>,map[],[],fastly,cdn,,443,https://0000.bandcamp.com,0000.bandcamp.com,,Merch | 0000,https,,nginx,,text/html,GET,151.101.193.91,/,1236999934,40fdc9c012ce5232a6145ade571e7bbd,,https://s4.bcbits.com/img/favicon/favicon-16x16.png,,250.731207ms,29d3fd00029d29d00041d41d00041d6b5eefa2404a56c2ced79a0d16afe36c,[],[151.101.129.91 151.101.193.91 151.101.1.91 151.101.65.91],[],[],[HSTS Nginx Stripe Varnish jQuery],map[],[],25502,2783,200,167567,false,false,false,true,false,false,,[],,,,map[PageType:nonerror pHash:0],[1.1.1.1:53 1.0.0.1:53],<nil>
2025-11-14 04:56:16.323307722 +0000 UTC m=+3.264488224,"AS54113, fastly, US",<nil>,<nil>,map[],[],fastly,cdn,,443,https://0000000000000000.bandcamp.com,0000000000000000.bandcamp.com,https://bandcamp.com/signup?new_domain=0000000000000000,,https,,nginx,,,GET,151.101.129.91,/,,,,,,106.497202ms,29d3fd00029d29d00041d41d00041d6b5eefa2404a56c2ced79a0d16afe36c,[],[151.101.65.91 151.101.1.91 151.101.193.91 151.101.129.91],[],[],[HSTS Nginx Varnish],map[],[],11,1,303,180,false,false,false,true,false,false,,[],,,,map[PageType:error pHash:0],[127.0.0.53:53 1.0.0.1:53],<nil>
2025-11-14 04:56:16.396380051 +0000 UTC m=+3.337560483,"AS54113, fastly, US",<nil>,<nil>,map[],[],fastly,cdn,,443,https://000arc000.bandcamp.com,000arc000.bandcamp.com,https://bandcamp.com/signup?new_domain=000arc000,,https,,nginx,,,GET,151.101.129.91,/,,,,,,79.978491ms,29d3fd00029d29d00041d41d00041d6b5eefa2404a56c2ced79a0d16afe36c,[],[151.101.65.91 151.101.193.91 151.101.1.91 151.101.129.91],[],[],[HSTS Nginx Varnish],map[],[],11,1,303,166,false,false,false,true,false,false,,[],,,,map[PageType:error pHash:0],[8.8.4.4:53 127.0.0.53:53],<nil>
2025-11-14 04:56:16.819433121 +0000 UTC m=+3.760613553,"AS54113, fastly, US",<nil>,<nil>,map[],[],fastly,cdn,,443,https://000kuf000.bandcamp.com,000kuf000.bandcamp.com,https://bandcamp.com/signup?new_domain=000kuf000,,https,,nginx,,,GET,151.101.193.91,/,,,,,,94.211273ms,29d3fd00029d29d00041d41d00041d6b5eefa2404a56c2ced79a0d16afe36c,[],[151.101.1.91 151.101.65.91 151.101.129.91 151.101.193.91],[],[],[HSTS Nginx Varnish],map[],[],11,1,303,166,false,false,false,true,false,false,,[],,,,map[PageType:error pHash:0],[1.1.1.1:53 1.0.0.1:53],<nil>
2025-11-14 04:56:17.079279405 +0000 UTC m=+4.020459837,"AS54113, fastly, US",<nil>,<nil>,map[],[],fastly,cdn,,443,https://00000ooooo.bandcamp.com,00000ooooo.bandcamp.com,,Music | ⣎⡇ꉺლ༽இ•̛)ྀ◞ ༎ຶ ༽ৣৢ؞ৢ؞ؖ ꉺლ,https,,nginx,,text/html,GET,151.101.1.91,/,1236999934,40fdc9c012ce5232a6145ade571e7bbd,,https://s4.bcbits.com/img/favicon/favicon-16x16.png,,205.712256ms,29d3fd00029d29d00041d41d00041d6b5eefa2404a56c2ced79a0d16afe36c,[],[151.101.1.91 151.101.65.91 151.101.193.91 151.101.129.91],[],[],[HSTS Nginx Stripe Varnish jQuery],map[],[],20744,2287,200,160343,false,false,false,true,false,false,,[],,,,map[PageType:nonerror pHash:0],[1.1.1.1:53 8.8.8.8:53],<nil>
2025-11-14 04:56:17.373665893 +0000 UTC m=+4.314846335,"AS54113, fastly, US",<nil>,<nil>,map[],[],fastly,cdn,,443,https://0011011001111000.bandcamp.com,0011011001111000.bandcamp.com,https://0011011001111000.bandcamp.com/album/--3,,https,,nginx,,,GET,151.101.193.91,/,,,,,,138.523693ms,29d3fd00029d29d00041d41d00041d6b5eefa2404a56c2ced79a0d16afe36c,[],[151.101.65.91 151.101.193.91 151.101.129.91 151.101.1.91],[],[],[HSTS Nginx Varnish],map[],[],11,1,303,164,false,false,false,true,false,false,,[],,,,map[PageType:error pHash:0],[127.0.0.53:53 1.1.1.1:53],<nil>
2025-11-14 04:56:17.631867071 +0000 UTC m=+4.573047563,"AS54113, fastly, US",<nil>,<nil>,map[],[],fastly,cdn,,443,https://007-boston-dub7.bandcamp.com,007-boston-dub7.bandcamp.com,https://007-boston-dub7.bandcamp.com/track/gavel-groove-dub7-single-2nd-remaster,,https,,nginx,,,GET,151.101.65.91,/,,,,,,114.516063ms,29d3fd00029d29d00041d41d00041d6b5eefa2404a56c2ced79a0d16afe36c,[],[151.101.1.91 151.101.193.91 151.101.65.91 151.101.129.91],[],[],[HSTS Nginx Varnish],map[],[],11,1,303,230,false,false,false,true,false,false,,[],,,,map[PageType:error pHash:0],[1.0.0.1:53 8.8.8.8:53],<nil>
2025-11-14 04:56:17.746876501 +0000 UTC m=+4.688056933,"AS54113, fastly, US",<nil>,<nil>,map[],[],fastly,cdn,,443,https://001101100.bandcamp.com,001101100.bandcamp.com,,Music | 001101100,https,,nginx,,text/html,GET,151.101.129.91,/,1236999934,40fdc9c012ce5232a6145ade571e7bbd,,https://s4.bcbits.com/img/favicon/favicon-16x16.png,,279.151769ms,29d3fd00029d29d00041d41d00041d6b5eefa2404a56c2ced79a0d16afe36c,[],[151.101.1.91 151.101.193.91 151.101.65.91 151.101.129.91],[],[],[HSTS Nginx Stripe Varnish jQuery],map[],[],19723,2160,200,155376,false,false,false,true,false,false,,[],,,,map[PageType:nonerror pHash:0],[8.8.8.8:53 8.8.4.4:53],<nil>
2025-11-14 04:56:18.276716407 +0000 UTC m=+5.217896849,"AS54113, fastly, US",<nil>,<nil>,map[],[],fastly,cdn,,443,https://00paradise00.bandcamp.com,00paradise00.bandcamp.com,https://00paradise00.bandcamp.com/album/temporalis-c,,https,,nginx,,,GET,151.101.193.91,/,,,,,,73.517045ms,29d3fd00029d29d00041d41d00041d6b5eefa2404a56c2ced79a0d16afe36c,[],[151.101.1.91 151.101.193.91 151.101.129.91 151.101.65.91],[],[],[HSTS Nginx Varnish],map[],[],11,1,303,174,false,false,false,true,false,false,,[],,,,map[PageType:error pHash:0],[8.8.8.8:53 8.8.4.4:53],<nil>
2025-11-14 04:56:18.649088102 +0000 UTC m=+5.590268534,"AS54113, fastly, US",<nil>,<nil>,map[],[],fastly,cdn,,443,https://0073735963.bandcamp.com,0073735963.bandcamp.com,,Music | Tyson 007 373 5963,https,,nginx,,text/html,GET,151.101.65.91,/,1236999934,40fdc9c012ce5232a6145ade571e7bbd,,https://s4.bcbits.com/img/favicon/favicon-16x16.png,,336.640545ms,29d3fd00029d29d00041d41d00041d6b5eefa2404a56c2ced79a0d16afe36c,[],[151.101.1.91 151.101.193.91 151.101.65.91 151.101.129.91],[],[],[HSTS Nginx Stripe Varnish jQuery],map[],[],20086,2220,200,155135,false,false,false,true,false,false,,[],,,,map[PageType:nonerror pHash:0],[8.8.4.4:53 127.0.0.53:53],<nil>
2025-11-14 04:56:18.675486532 +0000 UTC m=+5.616666964,"AS54113, fastly, US",<nil>,<nil>,map[],[],fastly,cdn,,443,https://00lux00.bandcamp.com,00lux00.bandcamp.com,,Lux,https,,nginx,,text/html,GET,151.101.1.91,/,1236999934,40fdc9c012ce5232a6145ade571e7bbd,,https://s4.bcbits.com/img/favicon/favicon-16x16.png,,176.263215ms,29d3fd00029d29d00041d41d00041d6b5eefa2404a56c2ced79a0d16afe36c,[],[151.101.129.91 151.101.65.91 151.101.193.91 151.101.1.91],[],[],[HSTS Nginx Stripe Varnish],map[],[],12732,1225,200,128803,false,false,false,true,false,false,,[],,,,map[PageType:nonerror pHash:0],[1.1.1.1:53 1.0.0.1:53],<nil>
2025-11-14 04:56:18.813373194 +0000 UTC m=+5.754553616,"AS54113, fastly, US",<nil>,<nil>,map[],[],fastly,cdn,,443,https://00strangers00.bandcamp.com,00strangers00.bandcamp.com,https://bandcamp.com/signup?new_domain=00strangers00,,https,,nginx,,,GET,151.101.65.91,/,,,,,,135.404783ms,29d3fd00029d29d00041d41d00041d6b5eefa2404a56c2ced79a0d16afe36c,[],[151.101.129.91 151.101.65.91 151.101.1.91 151.101.193.91],[],[],[HSTS Nginx Varnish],map[],[],11,1,303,174,false,false,false,true,false,false,,[],,,,map[PageType:error pHash:0],[127.0.0.53:53 1.1.1.1:53],<nil>
2025-11-14 04:56:19.149079613 +0000 UTC m=+6.090260045,"AS54113, fastly, US",<nil>,<nil>,map[],[],fastly,cdn,,443,https://00th1vol.bandcamp.com,00th1vol.bandcamp.com,https://bandcamp.com/signup?new_domain=00th1vol,,https,,nginx,,,GET,151.101.129.91,/,,,,,,99.740032ms,29d3fd00029d29d00041d41d00041d6b5eefa2404a56c2ced79a0d16afe36c,[],[151.101.1.91 151.101.193.91 151.101.65.91 151.101.129.91],[],[],[HSTS Nginx Varnish],map[],[],11,1,303,164,false,false,false,true,false,false,,[],,,,map[PageType:error pHash:0],[1.0.0.1:53 8.8.8.8:53],<nil>
2025-11-14 04:56:19.622583192 +0000 UTC m=+6.563763634,"AS54113, fastly, US",<nil>,<nil>,map[],[],fastly,cdn,,443,https://01010100.bandcamp.com,01010100.bandcamp.com,https://bandcamp.com/signup?new_domain=01010100,,https,,nginx,,,GET,151.101.129.91,/,,,,,,74.274547ms,29d3fd00029d29d00041d41d00041d6b5eefa2404a56c2ced79a0d16afe36c,[],[151.101.1.91 151.101.193.91 151.101.65.91 151.101.129.91],[],[],[HSTS Nginx Varnish],map[],[],11,1,303,164,false,false,false,true,false,false,,[],,,,map[PageType:error pHash:0],[8.8.8.8:53 8.8.4.4:53],<nil>
2025-11-14 04:56:19.830091567 +0000 UTC m=+6.771272009,"AS54113, fastly, US",<nil>,<nil>,map[],[],fastly,cdn,,443,https://01001010.bandcamp.com,01001010.bandcamp.com,,Music | 01001010 01000100,https,,nginx,,text/html,GET,151.101.193.91,/,1236999934,40fdc9c012ce5232a6145ade571e7bbd,,https://s4.bcbits.com/img/favicon/favicon-16x16.png,,185.217212ms,29d3fd00029d29d00041d41d00041d6b5eefa2404a56c2ced79a0d16afe36c,[],[151.101.65.91 151.101.1.91 151.101.129.91 151.101.193.91],[],[],[HSTS Nginx Stripe Varnish jQuery],map[],[],19266,2122,200,153017,false,false,false,true,false,false,,[],,,,map[PageType:nonerror pHash:0],[8.8.4.4:53 127.0.0.53:53],<nil>
2025-11-14 04:56:20.442856261 +0000 UTC m=+7.384036693,"AS54113, fastly, US",<nil>,<nil>,map[],[],fastly,cdn,,443,https://010fp.bandcamp.com,010fp.bandcamp.com,https://010fp.bandcamp.com/album/-,,https,,nginx,,,GET,151.101.193.91,/,,,,,,152.969008ms,29d3fd00029d29d00041d41d00041d6b5eefa2404a56c2ced79a0d16afe36c,[],[151.101.129.91 151.101.1.91 151.101.65.91 151.101.193.91],[],[],[HSTS Nginx Varnish],map[],[],11,1,303,138,false,false,false,true,false,false,,[],,,,map[PageType:error pHash:0],[1.0.0.1:53 8.8.8.8:53],<nil>
2025-11-14 04:56:20.866378767 +0000 UTC m=+7.807559199,"AS54113, fastly, US",<nil>,<nil>,map[],[],fastly,cdn,,443,https://0101.bandcamp.com,0101.bandcamp.com,,Music | Ujico*/Snail's House,https,,nginx,,text/html,GET,151.101.193.91,/,1236999934,40fdc9c012ce5232a6145ade571e7bbd,,https://s4.bcbits.com/img/favicon/favicon-16x16.png,,1.008339907s,29d3fd00029d29d00041d41d00041d6b5eefa2404a56c2ced79a0d16afe36c,[],[151.101.1.91 151.101.65.91 151.101.129.91 151.101.193.91],[],[],[HSTS Nginx Stripe Varnish jQuery],map[],[],22890,2537,200,173384,false,false,false,true,false,false,,[],,,,map[PageType:nonerror pHash:0],[1.1.1.1:53 1.0.0.1:53],<nil>
2025-11-14 04:56:20.870417714 +0000 UTC m=+7.811598156,"AS54113, fastly, US",<nil>,<nil>,map[],[],fastly,cdn,,443,https://01010101.bandcamp.com,01010101.bandcamp.com,,Music | 01010101,https,,nginx,,text/html,GET,151.101.1.91,/,1236999934,40fdc9c012ce5232a6145ade571e7bbd,,https://s4.bcbits.com/img/favicon/favicon-16x16.png,,228.617918ms,29d3fd00029d29d00041d41d00041d6b5eefa2404a56c2ced79a0d16afe36c,[],[151.101.193.91 151.101.129.91 151.101.65.91 151.101.1.91],[],[],[HSTS Nginx Stripe Varnish jQuery],map[],[],21014,2304,200,156741,false,false,false,true,false,false,,[],,,,map[PageType:nonerror pHash:0],[127.0.0.53:53 1.1.1.1:53],<nil>
2025-11-14 04:56:21.043787363 +0000 UTC m=+7.984967825,"AS54113, fastly, US",<nil>,<nil>,map[],[],fastly,cdn,,443,https://010xyktxgs.bandcamp.com,010xyktxgs.bandcamp.com,https://010xyktxgs.bandcamp.com/album/-,,https,,nginx,,,GET,151.101.193.91,/,,,,,,210.205478ms,29d3fd00029d29d00041d41d00041d6b5eefa2404a56c2ced79a0d16afe36c,[],[151.101.193.91 151.101.129.91 151.101.1.91 151.101.65.91],[],[],[HSTS Nginx Varnish],map[],[],11,1,303,148,false,false,false,true,false,false,,[],,,,map[PageType:error pHash:0],[8.8.4.4:53 127.0.0.53:53],<nil>
2025-11-14 04:56:21.652861127 +0000 UTC m=+8.594041569,"AS54113, fastly, US",<nil>,<nil>,map[],[],fastly,cdn,,443,https://01101001-01100100-01101100.bandcamp.com,01101001-01100100-01101100.bandcamp.com,https://01101001-01100100-01101100.bandcamp.com/releases,,https,,nginx,,,GET,151.101.1.91,/,,,,,,147.813384ms,29d3fd00029d29d00041d41d00041d6b5eefa2404a56c2ced79a0d16afe36c,[],[151.101.193.91 151.101.1.91 151.101.129.91 151.101.65.91],[],[],[HSTS Nginx Varnish],map[],[],11,1,303,182,false,false,false,true,false,false,,[],,,,map[PageType:error pHash:0],[127.0.0.53:53 1.1.1.1:53],<nil>
2025-11-14 04:56:22.056648303 +0000 UTC m=+8.997828745,"AS54113, fastly, US",<nil>,<nil>,map[],[],fastly,cdn,,443,https://0110.bandcamp.com,0110.bandcamp.com,,Music | 0110,https,,nginx,,text/html,GET,151.101.193.91,/,1236999934,40fdc9c012ce5232a6145ade571e7bbd,,https://s4.bcbits.com/img/favicon/favicon-16x16.png,,186.321319ms,29d3fd00029d29d00041d41d00041d6b5eefa2404a56c2ced79a0d16afe36c,[],[151.101.129.91 151.101.65.91 151.101.1.91 151.101.193.91],[],[],[HSTS Nginx Stripe Varnish jQuery],map[],[],21681,2423,200,160849,false,false,false,true,false,false,,[],,,,map[PageType:nonerror pHash:0],[1.1.1.1:53 8.8.8.8:53],<nil>
2025-11-14 04:56:22.182639782 +0000 UTC m=+9.123820224,"AS54113, fastly, US",<nil>,<nil>,map[],[],fastly,cdn,,443,https://0110001101110100.bandcamp.com,0110001101110100.bandcamp.com,,Merch | Common Thread Records,https,,nginx,,text/html,GET,151.101.1.91,/,1236999934,40fdc9c012ce5232a6145ade571e7bbd,,https://s4.bcbits.com/img/favicon/favicon-16x16.png,,229.703035ms,29d3fd00029d29d00041d41d00041d6b5eefa2404a56c2ced79a0d16afe36c,[],[151.101.193.91 151.101.65.91 151.101.1.91 151.101.129.91],[],[],[HSTS Nginx Stripe Varnish jQuery],map[],[],24240,2618,200,164961,false,false,false,true,false,false,,[],,,,map[PageType:nonerror pHash:0],[1.0.0.1:53 8.8.4.4:53],<nil>
2025-11-14 04:56:22.578726543 +0000 UTC m=+9.519906975,"AS54113, fastly, US",<nil>,<nil>,map[],[],fastly,cdn,,443,https://01110010.bandcamp.com,01110010.bandcamp.com,https://01110010.bandcamp.com/album/life-is-a-glitch,,https,,nginx,,,GET,151.101.129.91,/,,,,,,111.689006ms,29d3fd00029d29d00041d41d00041d6b5eefa2404a56c2ced79a0d16afe36c,[],[151.101.65.91 151.101.129.91 151.101.193.91 151.101.1.91],[],[],[HSTS Nginx Varnish],map[],[],11,1,303,174,false,false,false,true,false,false,,[],,,,map[PageType:error pHash:0],[8.8.4.4:53 127.0.0.53:53],<nil>
2025-11-14 04:56:22.87254801 +0000 UTC m=+9.813728442,"AS54113, fastly, US",<nil>,<nil>,map[],[],fastly,cdn,,443,https://020fp.bandcamp.com,020fp.bandcamp.com,https://020fp.bandcamp.com/album/-,,https,,nginx,,,GET,151.101.65.91,/,,,,,,285.493523ms,29d3fd00029d29d00041d41d00041d6b5eefa2404a56c2ced79a0d16afe36c,[],[151.101.1.91 151.101.65.91 151.101.129.91 151.101.193.91],[],[],[HSTS Nginx Varnish],map[],[],11,1,303,138,false,false,false,true,false,false,,[],,,,map[PageType:error pHash:0],[1.1.1.1:53 1.0.0.1:53],<nil>
2025-11-14 04:56:22.933537522 +0000 UTC m=+9.874717954,"AS54113, fastly, US",<nil>,<nil>,map[],[],fastly,cdn,,443,https://01110.bandcamp.com,01110.bandcamp.com,,Music | ppzouzo,https,,nginx,,text/html,GET,151.101.193.91,/,1236999934,40fdc9c012ce5232a6145ade571e7bbd,,https://s4.bcbits.com/img/favicon/favicon-16x16.png,,243.728723ms,29d3fd00029d29d00041d41d00041d6b5eefa2404a56c2ced79a0d16afe36c,[],[151.101.129.91 151.101.193.91 151.101.1.91 151.101.65.91],[],[],[HSTS Nginx Stripe Varnish jQuery],map[],[],20864,2306,200,158773,false,false,false,true,false,false,,[],,,,map[PageType:nonerror pHash:0],[1.0.0.1:53 8.8.8.8:53],<nil>
2025-11-14 04:56:23.068896273 +0000 UTC m=+10.010076695,"AS54113, fastly, US",<nil>,<nil>,map[],[],fastly,cdn,,443,https://021fp.bandcamp.com,021fp.bandcamp.com,https://021fp.bandcamp.com/album/-,,https,,nginx,,,GET,151.101.65.91,/,,,,,,100.28152ms,29d3fd00029d29d00041d41d00041d6b5eefa2404a56c2ced79a0d16afe36c,[],[151.101.1.91 151.101.193.91 151.101.129.91 151.101.65.91],[],[],[HSTS Nginx Varnish],map[],[],11,1,303,138,false,false,false,true,false,false,,[],,,,map[PageType:error pHash:0],[8.8.8.8:53 8.8.4.4:53],<nil>
2025-11-14 04:56:23.402843113 +0000 UTC m=+10.344023575,"AS54113, fastly, US",<nil>,<nil>,map[],[],fastly,cdn,,443,https://021kaifp.bandcamp.com,021kaifp.bandcamp.com,https://021kaifp.bandcamp.com/album/-,,https,,nginx,,,GET,151.101.193.91,/,,,,,,147.030971ms,29d3fd00029d29d00041d41d00041d6b5eefa2404a56c2ced79a0d16afe36c,[],[151.101.1.91 151.101.65.91 151.101.129.91 151.101.193.91],[],[],[HSTS Nginx Varnish],map[],[],11,1,303,144,false,false,false,true,false,false,,[],,,,map[PageType:error pHash:0],[127.0.0.53:53 1.1.1.1:53],<nil>
2025-11-14 04:56:23.433796256 +0000 UTC m=+10.374976688,"AS54113, fastly, US",<nil>,<nil>,map[],[],fastly,cdn,,443,https://023fp.bandcamp.com,023fp.bandcamp.com,https://023fp.bandcamp.com/album/-,,https,,nginx,,,GET,151.101.65.91,/,,,,,,113.524106ms,29d3fd00029d29d00041d41d00041d6b5eefa2404a56c2ced79a0d16afe36c,[],[151.101.129.91 151.101.65.91 151.101.1.91 151.101.193.91],[],[],[HSTS Nginx Varnish],map[],[],11,1,303,138,false,false,false,true,false,false,,[],,,,map[PageType:error pHash:0],[1.0.0.1:53 8.8.8.8:53],<nil>
2025-11-14 04:56:23.748666016 +0000 UTC m=+10.689846448,"AS54113, fastly, US",<nil>,<nil>,map[],[],fastly,cdn,,443,https://024fp.bandcamp.com,024fp.bandcamp.com,https://024fp.bandcamp.com/album/-,,https,,nginx,,,GET,151.101.65.91,/,,,,,,283.48714ms,29d3fd00029d29d00041d41d00041d6b5eefa2404a56c2ced79a0d16afe36c,[],[151.101.193.91 151.101.129.91 151.101.1.91 151.101.65.91],[],[],[HSTS Nginx Varnish],map[],[],11,1,303,138,false,false,false,true,false,false,,[],,,,map[PageType:error pHash:0],[8.8.4.4:53 127.0.0.53:53],<nil>
2025-11-14 04:56:23.981632624 +0000 UTC m=+10.922813056,"AS54113, fastly, US",<nil>,<nil>,map[],[],fastly,cdn,,443,https://025fp.bandcamp.com,025fp.bandcamp.com,https://025fp.bandcamp.com/album/-,,https,,nginx,,,GET,151.101.129.91,/,,,,,,138.625784ms,29d3fd00029d29d00041d41d00041d6b5eefa2404a56c2ced79a0d16afe36c,[],[151.101.129.91 151.101.193.91 151.101.1.91 151.101.65.91],[],[],[HSTS Nginx Varnish],map[],[],11,1,303,138,false,false,false,true,false,false,,[],,,,map[PageType:error pHash:0],[8.8.4.4:53 127.0.0.53:53],<nil>
2025-11-14 04:56:24.296945012 +0000 UTC m=+11.238125444,"AS54113, fastly, US",<nil>,<nil>,map[],[],fastly,cdn,,443,https://027fp.bandcamp.com,027fp.bandcamp.com,https://027fp.bandcamp.com/album/-,,https,,nginx,,,GET,151.101.1.91,/,,,,,,140.528545ms,29d3fd00029d29d00041d41d00041d6b5eefa2404a56c2ced79a0d16afe36c,[],[151.101.193.91 151.101.65.91 151.101.1.91 151.101.129.91],[],[],[HSTS Nginx Varnish],map[],[],11,1,303,138,false,false,false,true,false,false,,[],,,,map[PageType:error pHash:0],[1.1.1.1:53 1.0.0.1:53],<nil>
2025-11-14 04:56:24.895334142 +0000 UTC m=+11.836514584,"AS54113, fastly, US",<nil>,<nil>,map[],[],fastly,cdn,,443,https://029fp.bandcamp.com,029fp.bandcamp.com,https://029fp.bandcamp.com/album/-,,https,,nginx,,,GET,151.101.65.91,/,,,,,,129.218161ms,29d3fd00029d29d00041d41d00041d6b5eefa2404a56c2ced79a0d16afe36c,[],[151.101.193.91 151.101.1.91 151.101.129.91 151.101.65.91],[],[],[HSTS Nginx Varnish],map[],[],11,1,303,138,false,false,false,true,false,false,,[],,,,map[PageType:error pHash:0],[1.0.0.1:53 8.8.4.4:53],<nil>
2025-11-14 04:56:24.945542038 +0000 UTC m=+11.886722470,"AS54113, fastly, US",<nil>,<nil>,map[],[],fastly,cdn,,443,https://028fp.bandcamp.com,028fp.bandcamp.com,https://028fp.bandcamp.com/album/-,,https,,nginx,,,GET,151.101.65.91,/,,,,,,262.446458ms,29d3fd00029d29d00041d41d00041d6b5eefa2404a56c2ced79a0d16afe36c,[],[151.101.193.91 151.101.1.91 151.101.129.91 151.101.65.91],[],[],[HSTS Nginx Varnish],map[],[],11,1,303,138,false,false,false,true,false,false,,[],,,,map[PageType:error pHash:0],[127.0.0.53:53],<nil>
2025-11-14 04:56:25.196112902 +0000 UTC m=+12.137293334,"AS54113, fastly, US",<nil>,<nil>,map[],[],fastly,cdn,,443,https://0311fp.bandcamp.com,0311fp.bandcamp.com,https://0311fp.bandcamp.com/album/-,,https,,nginx,,,GET,151.101.65.91,/,,,,,,137.006048ms,29d3fd00029d29d00041d41d00041d6b5eefa2404a56c2ced79a0d16afe36c,[],[151.101.129.91 151.101.1.91 151.101.193.91 151.101.65.91],[],[],[HSTS Nginx Varnish],map[],[],11,1,303,140,false,false,false,true,false,false,,[],,,,map[PageType:error pHash:0],[8.8.4.4:53 127.0.0.53:53],<nil>
2025-11-14 04:56:25.469821073 +0000 UTC m=+12.411001505,"AS54113, fastly, US",<nil>,<nil>,map[],[],fastly,cdn,,443,https://0315fp.bandcamp.com,0315fp.bandcamp.com,https://0315fp.bandcamp.com/album/-,,https,,nginx,,,GET,151.101.193.91,/,,,,,,117.130074ms,29d3fd00029d29d00041d41d00041d6b5eefa2404a56c2ced79a0d16afe36c,[],[151.101.1.91 151.101.65.91 151.101.129.91 151.101.193.91],[],[],[HSTS Nginx Varnish],map[],[],11,1,303,140,false,false,false,true,false,false,,[],,,,map[PageType:error pHash:0],[1.1.1.1:53 1.0.0.1:53],<nil>
2025-11-14 04:56:25.754134806 +0000 UTC m=+12.695315248,"AS54113, fastly, US",<nil>,<nil>,map[],[],fastly,cdn,,443,https://0351fp.bandcamp.com,0351fp.bandcamp.com,https://0351fp.bandcamp.com/album/-,,https,,nginx,,,GET,151.101.65.91,/,,,,,,144.780665ms,29d3fd00029d29d00041d41d00041d6b5eefa2404a56c2ced79a0d16afe36c,[],[151.101.65.91 151.101.193.91 151.101.129.91 151.101.1.91],[],[],[HSTS Nginx Varnish],map[],[],11,1,303,140,false,false,false,true,false,false,,[],,,,map[PageType:error pHash:0],[127.0.0.53:53 1.1.1.1:53],<nil>
2025-11-14 04:56:25.935046538 +0000 UTC m=+12.876226970,"AS54113, fastly, US",<nil>,<nil>,map[],[],fastly,cdn,,443,https://0331records.bandcamp.com,0331records.bandcamp.com,,0331records,https,,nginx,,text/html,GET,151.101.1.91,/,1236999934,40fdc9c012ce5232a6145ade571e7bbd,,https://s4.bcbits.com/img/favicon/favicon-16x16.png,,153.036248ms,29d3fd00029d29d00041d41d00041d6b5eefa2404a56c2ced79a0d16afe36c,[],[151.101.193.91 151.101.1.91 151.101.65.91 151.101.129.91],[],[],[HSTS Nginx Stripe Varnish],map[],[],13666,1525,200,130659,false,false,false,true,false,false,,[],,,,map[PageType:nonerror pHash:0],[8.8.8.8:53 8.8.4.4:53],<nil>
2025-11-14 04:56:26.006545811 +0000 UTC m=+12.947726243,"AS54113, fastly, US",<nil>,<nil>,map[],[],fastly,cdn,,443,https://0371fp.bandcamp.com,0371fp.bandcamp.com,https://0371fp.bandcamp.com/album/-,,https,,nginx,,,GET,151.101.193.91,/,,,,,,116.975622ms,29d3fd00029d29d00041d41d00041d6b5eefa2404a56c2ced79a0d16afe36c,[],[151.101.129.91 151.101.65.91 151.101.1.91 151.101.193.91],[],[],[HSTS Nginx Varnish],map[],[],11,1,303,140,false,false,false,true,false,false,,[],,,,map[PageType:error pHash:0],[1.0.0.1:53 8.8.8.8:53],<nil>
2025-11-14 04:56:26.301845603 +0000 UTC m=+13.243026035,"AS54113, fastly, US",<nil>,<nil>,map[],[],fastly,cdn,,443,https://0371xyktxw.bandcamp.com,0371xyktxw.bandcamp.com,https://0371xyktxw.bandcamp.com/album/-,,https,,nginx,,,GET,151.101.1.91,/,,,,,,141.096435ms,29d3fd00029d29d00041d41d00041d6b5eefa2404a56c2ced79a0d16afe36c,[],[151.101.193.91 151.101.1.91 151.101.65.91 151.101.129.91],[],[],[HSTS Nginx Varnish],map[],[],11,1,303,148,false,false,false,true,false,false,,[],,,,map[PageType:error pHash:0],[8.8.4.4:53 127.0.0.53:53],<nil>
2025-11-14 04:56:26.481296431 +0000 UTC m=+13.422476863,"AS54113, fastly, US",<nil>,<nil>,map[],[],fastly,cdn,,443,https://0379fp.bandcamp.com,0379fp.bandcamp.com,https://0379fp.bandcamp.com/album/-,,https,,nginx,,,GET,151.101.193.91,/,,,,,,145.900192ms,29d3fd00029d29d00041d41d00041d6b5eefa2404a56c2ced79a0d16afe36c,[],[151.101.129.91 151.101.193.91 151.101.1.91 151.101.65.91],[],[],[HSTS Nginx Varnish],map[],[],11,1,303,140,false,false,false,true,false,false,,[],,,,map[PageType:error pHash:0],[1.1.1.1:53 1.0.0.1:53],<nil>
2025-11-14 04:56:26.543548913 +0000 UTC m=+13.484729355,"AS54113, fastly, US",<nil>,<nil>,map[],[],fastly,cdn,,443,https://0411fp.bandcamp.com,0411fp.bandcamp.com,https://0411fp.bandcamp.com/album/-,,https,,nginx,,,GET,151.101.129.91,/,,,,,,125.584382ms,29d3fd00029d29d00041d41d00041d6b5eefa2404a56c2ced79a0d16afe36c,[],[151.101.1.91 151.101.193.91 151.101.65.91 151.101.129.91],[],[],[HSTS Nginx Varnish],map[],[],11,1,303,140,false,false,false,true,false,false,,[],,,,map[PageType:error pHash:0],[8.8.8.8:53 8.8.4.4:53],<nil>
2025-11-14 04:56:26.919219822 +0000 UTC m=+13.860400264,"AS54113, fastly, US",<nil>,<nil>,map[],[],fastly,cdn,,443,https://0412fp.bandcamp.com,0412fp.bandcamp.com,https://0412fp.bandcamp.com/album/-,,https,,nginx,,,GET,151.101.65.91,/,,,,,,191.934621ms,29d3fd00029d29d00041d41d00041d6b5eefa2404a56c2ced79a0d16afe36c,[],[151.101.193.91 151.101.65.91 151.101.129.91 151.101.1.91],[],[],[HSTS Nginx Varnish],map[],[],11,1,303,140,false,false,false,true,false,false,,[],,,,map[PageType:error pHash:0],[127.0.0.53:53 1.1.1.1:53],<nil>
2025-11-14 04:56:26.999821833 +0000 UTC m=+13.941002265,"AS54113, fastly, US",<nil>,<nil>,map[],[],fastly,cdn,,443,https://0431fp.bandcamp.com,0431fp.bandcamp.com,https://0431fp.bandcamp.com/album/-,,https,,nginx,,,GET,151.101.129.91,/,,,,,,102.952574ms,29d3fd00029d29d00041d41d00041d6b5eefa2404a56c2ced79a0d16afe36c,[],[151.101.65.91 151.101.193.91 151.101.129.91 151.101.1.91],[],[],[HSTS Nginx Varnish],map[],[],11,1,303,140,false,false,false,true,false,false,,[],,,,map[PageType:error pHash:0],[1.0.0.1:53 8.8.8.8:53],<nil>
2025-11-14 04:56:27.276310179 +0000 UTC m=+14.217490621,"AS54113, fastly, US",<nil>,<nil>,map[],[],fastly,cdn,,443,https://0451fp.bandcamp.com,0451fp.bandcamp.com,https://0451fp.bandcamp.com/album/-,,https,,nginx,,,GET,151.101.129.91,/,,,,,,136.475199ms,29d3fd00029d29d00041d41d00041d6b5eefa2404a56c2ced79a0d16afe36c,[],[151.101.65.91 151.101.129.91 151.101.1.91 151.101.193.91],[],[],[HSTS Nginx Varnish],map[],[],11,1,303,140,false,false,false,true,false,false,,[],,,,map[PageType:error pHash:0],[8.8.4.4:53 127.0.0.53:53],<nil>
2025-11-14 04:56:27.449839861 +0000 UTC m=+14.391020293,"AS54113, fastly, US",<nil>,<nil>,map[],[],fastly,cdn,,443,https://0459fp.bandcamp.com,0459fp.bandcamp.com,https://0459fp.bandcamp.com/album/-,,https,,nginx,,,GET,151.101.193.91,/,,,,,,132.321622ms,29d3fd00029d29d00041d41d00041d6b5eefa2404a56c2ced79a0d16afe36c,[],[151.101.1.91 151.101.65.91 151.101.129.91 151.101.193.91],[],[],[HSTS Nginx Varnish],map[],[],11,1,303,140,false,false,false,true,false,false,,[],,,,map[PageType:error pHash:0],[1.1.1.1:53 1.0.0.1:53],<nil>
2025-11-14 04:56:27.761316465 +0000 UTC m=+14.702496907,"AS54113, fastly, US",<nil>,<nil>,map[],[],fastly,cdn,,443,https://04eb9n9m.bandcamp.com,04eb9n9m.bandcamp.com,https://bandcamp.com/signup?new_domain=04eb9n9m,,https,,nginx,,,GET,151.101.193.91,/,,,,,,96.255915ms,29d3fd00029d29d00041d41d00041d6b5eefa2404a56c2ced79a0d16afe36c,[],[151.101.65.91 151.101.129.91 151.101.193.91 151.101.1.91],[],[],[HSTS Nginx Varnish],map[],[],11,1,303,164,false,false,false,true,false,false,,[],,,,map[PageType:error pHash:0],[8.8.4.4:53 1.0.0.1:53],<nil>
2025-11-14 04:56:27.879930035 +0000 UTC m=+14.821110467,"AS54113, fastly, US",<nil>,<nil>,map[],[],fastly,cdn,,443,https://0510fp.bandcamp.com,0510fp.bandcamp.com,https://0510fp.bandcamp.com/album/-,,https,,nginx,,,GET,151.101.1.91,/,,,,,,156.984553ms,29d3fd00029d29d00041d41d00041d6b5eefa2404a56c2ced79a0d16afe36c,[],[151.101.65.91 151.101.1.91 151.101.129.91 151.101.193.91],[],[],[HSTS Nginx Varnish],map[],[],11,1,303,140,false,false,false,true,false,false,,[],,,,map[PageType:error pHash:0],[127.0.0.53:53 1.1.1.1:53],<nil>
2025-11-14 04:56:28.075365362 +0000 UTC m=+15.016545794,"AS54113, fastly, US",<nil>,<nil>,map[],[],fastly,cdn,,443,https://0511fp.bandcamp.com,0511fp.bandcamp.com,https://0511fp.bandcamp.com/album/-,,https,,nginx,,,GET,151.101.1.91,/,,,,,,140.684778ms,29d3fd00029d29d00041d41d00041d6b5eefa2404a56c2ced79a0d16afe36c,[],[151.101.193.91 151.101.129.91 151.101.65.91 151.101.1.91],[],[],[HSTS Nginx Varnish],map[],[],11,1,303,140,false,false,false,true,false,false,,[],,,,map[PageType:error pHash:0],[1.0.0.1:53 8.8.8.8:53],<nil>
2025-11-14 04:56:28.251930304 +0000 UTC m=+15.193110736,"AS54113, fastly, US",<nil>,<nil>,map[],[],fastly,cdn,,443,https://0512fp.bandcamp.com,0512fp.bandcamp.com,https://0512fp.bandcamp.com/album/-,,https,,nginx,,,GET,151.101.65.91,/,,,,,,100.691158ms,29d3fd00029d29d00041d41d00041d6b5eefa2404a56c2ced79a0d16afe36c,[],[151.101.193.91 151.101.65.91 151.101.129.91 151.101.1.91],[],[],[HSTS Nginx Varnish],map[],[],11,1,303,140,false,false,false,true,false,false,,[],,,,map[PageType:error pHash:0],[8.8.4.4:53 127.0.0.53:53],<nil>
2025-11-14 04:56:28.407405892 +0000 UTC m=+15.348586324,"AS54113, fastly, US",<nil>,<nil>,map[],[],fastly,cdn,,443,https://0513fp.bandcamp.com,0513fp.bandcamp.com,https://0513fp.bandcamp.com/album/-,,https,,nginx,,,GET,151.101.1.91,/,,,,,,133.869278ms,29d3fd00029d29d00041d41d00041d6b5eefa2404a56c2ced79a0d16afe36c,[],[151.101.129.91 151.101.65.91 151.101.193.91 151.101.1.91],[],[],[HSTS Nginx Varnish],map[],[],11,1,303,140,false,false,false,true,false,false,,[],,,,map[PageType:error pHash:0],[1.1.1.1:53 1.0.0.1:53],<nil>
2025-11-14 04:56:28.606601251 +0000 UTC m=+15.547781683,"AS54113, fastly, US",<nil>,<nil>,map[],[],fastly,cdn,,443,https://0514fp.bandcamp.com,0514fp.bandcamp.com,https://0514fp.bandcamp.com/album/-,,https,,nginx,,,GET,151.101.1.91,/,,,,,,105.390754ms,29d3fd00029d29d00041d41d00041d6b5eefa2404a56c2ced79a0d16afe36c,[],[151.101.193.91 151.101.1.91 151.101.129.91 151.101.65.91],[],[],[HSTS Nginx Varnish],map[],[],11,1,303,140,false,false,false,true,false,false,,[],,,,map[PageType:error pHash:0],[8.8.8.8:53 8.8.4.4:53],<nil>
2025-11-14 04:56:28.810491617 +0000 UTC m=+15.751672049,"AS54113, fastly, US",<nil>,<nil>,map[],[],fastly,cdn,,443,https://0515fp.bandcamp.com,0515fp.bandcamp.com,https://0515fp.bandcamp.com/album/-,,https,,nginx,,,GET,151.101.129.91,/,,,,,,165.030053ms,29d3fd00029d29d00041d41d00041d6b5eefa2404a56c2ced79a0d16afe36c,[],[151.101.193.91 151.101.1.91 151.101.65.91 151.101.129.91],[],[],[HSTS Nginx Varnish],map[],[],11,1,303,140,false,false,false,true,false,false,,[],,,,map[PageType:error pHash:0],[127.0.0.53:53 1.1.1.1:53],<nil>
2025-11-14 04:56:28.931827629 +0000 UTC m=+15.873008061,"AS54113, fastly, US",<nil>,<nil>,map[],[],fastly,cdn,,443,https://0516fp.bandcamp.com,0516fp.bandcamp.com,https://0516fp.bandcamp.com/album/-,,https,,nginx,,,GET,151.101.129.91,/,,,,,,103.449083ms,29d3fd00029d29d00041d41d00041d6b5eefa2404a56c2ced79a0d16afe36c,[],[151.101.193.91 151.101.129.91 151.101.1.91 151.101.65.91],[],[],[HSTS Nginx Varnish],map[],[],11,1,303,140,false,false,false,true,false,false,,[],,,,map[PageType:error pHash:0],[1.0.0.1:53 8.8.8.8:53],<nil>
2025-11-14 04:56:29.148259509 +0000 UTC m=+16.089439961,"AS54113, fastly, US",<nil>,<nil>,map[],[],fastly,cdn,,443,https://0517fp.bandcamp.com,0517fp.bandcamp.com,https://0517fp.bandcamp.com/album/-,,https,,nginx,,,GET,151.101.1.91,/,,,,,,157.709384ms,29d3fd00029d29d00041d41d00041d6b5eefa2404a56c2ced79a0d16afe36c,[],[151.101.193.91 151.101.129.91 151.101.65.91 151.101.1.91],[],[],[HSTS Nginx Varnish],map[],[],11,1,303,140,false,false,false,true,false,false,,[],,,,map[PageType:error pHash:0],[8.8.4.4:53 127.0.0.53:53],<nil>
2025-11-14 04:56:29.326951365 +0000 UTC m=+16.268131797,"AS54113, fastly, US",<nil>,<nil>,map[],[],fastly,cdn,,443,https://0519fp.bandcamp.com,0519fp.bandcamp.com,https://0519fp.bandcamp.com/album/-,,https,,nginx,,,GET,151.101.65.91,/,,,,,,129.096869ms,29d3fd00029d29d00041d41d00041d6b5eefa2404a56c2ced79a0d16afe36c,[],[151.101.129.91 151.101.1.91 151.101.193.91 151.101.65.91],[],[],[HSTS Nginx Varnish],map[],[],11,1,303,140,false,false,false,true,false,false,,[],,,,map[PageType:error pHash:0],[1.1.1.1:53 1.0.0.1:53],<nil>
2025-11-14 04:56:29.498077398 +0000 UTC m=+16.439257830,"AS54113, fastly, US",<nil>,<nil>,map[],[],fastly,cdn,,443,https://0531fp.bandcamp.com,0531fp.bandcamp.com,https://0531fp.bandcamp.com/album/-,,https,,nginx,,,GET,151.101.129.91,/,,,,,,148.228071ms,29d3fd00029d29d00041d41d00041d6b5eefa2404a56c2ced79a0d16afe36c,[],[151.101.65.91 151.101.193.91 151.101.1.91 151.101.129.91],[],[],[HSTS Nginx Varnish],map[],[],11,1,303,140,false,false,false,true,false,false,,[],,,,map[PageType:error pHash:0],[8.8.8.8:53 8.8.4.4:53],<nil>
2025-11-14 04:56:29.724746843 +0000 UTC m=+16.665927285,"AS54113, fastly, US",<nil>,<nil>,map[],[],fastly,cdn,,443,https://0532fp.bandcamp.com,0532fp.bandcamp.com,https://0532fp.bandcamp.com/album/-,,https,,nginx,,,GET,151.101.1.91,/,,,,,,190.629041ms,29d3fd00029d29d00041d41d00041d6b5eefa2404a56c2ced79a0d16afe36c,[],[151.101.65.91 151.101.1.91 151.101.129.91 151.101.193.91],[],[],[HSTS Nginx Varnish],map[],[],11,1,303,140,false,false,false,true,false,false,,[],,,,map[PageType:error pHash:0],[127.0.0.53:53 1.1.1.1:53],<nil>
2025-11-14 04:56:29.811458364 +0000 UTC m=+16.752638796,"AS54113, fastly, US",<nil>,<nil>,map[],[],fastly,cdn,,443,https://0535fp.bandcamp.com,0535fp.bandcamp.com,https://0535fp.bandcamp.com/album/-,,https,,nginx,,,GET,151.101.193.91,/,,,,,,104.633961ms,29d3fd00029d29d00041d41d00041d6b5eefa2404a56c2ced79a0d16afe36c,[],[151.101.129.91 151.101.193.91 151.101.65.91 151.101.1.91],[],[],[HSTS Nginx Varnish],map[],[],11,1,303,140,false,false,false,true,false,false,,[],,,,map[PageType:error pHash:0],[1.0.0.1:53 8.8.8.8:53],<nil>
2025-11-14 04:56:30.089004227 +0000 UTC m=+17.030184659,"AS54113, fastly, US",<nil>,<nil>,map[],[],fastly,cdn,,443,https://0551fp.bandcamp.com,0551fp.bandcamp.com,https://0551fp.bandcamp.com/album/-,,https,,nginx,,,GET,151.101.65.91,/,,,,,,207.001847ms,29d3fd00029d29d00041d41d00041d6b5eefa2404a56c2ced79a0d16afe36c,[],[151.101.129.91 151.101.65.91 151.101.1.91 151.101.193.91],[],[],[HSTS Nginx Varnish],map[],[],11,1,303,140,false,false,false,true,false,false,,[],,,,map[PageType:error pHash:0],[8.8.4.4:53 127.0.0.53:53],<nil>
2025-11-14 04:56:30.341622744 +0000 UTC m=+17.282803186,"AS54113, fastly, US",<nil>,<nil>,map[],[],fastly,cdn,,443,https://0571fp.bandcamp.com,0571fp.bandcamp.com,https://0571fp.bandcamp.com/album/-,,https,,nginx,,,GET,151.101.129.91,/,,,,,,100.363301ms,29d3fd00029d29d00041d41d00041d6b5eefa2404a56c2ced79a0d16afe36c,[],[151.101.65.91 151.101.1.91 151.101.193.91 151.101.129.91],[],[],[HSTS Nginx Varnish],map[],[],11,1,303,140,false,false,false,true,false,false,,[],,,,map[PageType:error pHash:0],[8.8.8.8:53 8.8.4.4:53],<nil>
2025-11-14 04:56:30.393181253 +0000 UTC m=+17.334361695,"AS54113, fastly, US",<nil>,<nil>,map[],[],fastly,cdn,,443,https://0551kaifp.bandcamp.com,0551kaifp.bandcamp.com,https://0551kaifp.bandcamp.com/album/-,,https,,nginx,,,GET,151.101.65.91,/,,,,,,170.34254ms,29d3fd00029d29d00041d41d00041d6b5eefa2404a56c2ced79a0d16afe36c,[],[151.101.193.91 151.101.129.91 151.101.1.91 151.101.65.91],[],[],[HSTS Nginx Varnish],map[],[],11,1,303,146,false,false,false,true,false,false,,[],,,,map[PageType:error pHash:0],[1.1.1.1:53 1.0.0.1:53],<nil>
2025-11-14 04:56:30.677618898 +0000 UTC m=+17.618799330,"AS54113, fastly, US",<nil>,<nil>,map[],[],fastly,cdn,,443,https://0571hzfpw.bandcamp.com,0571hzfpw.bandcamp.com,https://0571hzfpw.bandcamp.com/album/-,,https,,nginx,,,GET,151.101.129.91,/,,,,,,205.892437ms,29d3fd00029d29d00041d41d00041d6b5eefa2404a56c2ced79a0d16afe36c,[],[151.101.129.91 151.101.65.91 151.101.193.91 151.101.1.91],[],[],[HSTS Nginx Varnish],map[],[],11,1,303,146,false,false,false,true,false,false,,[],,,,map[PageType:error pHash:0],[127.0.0.53:53 1.1.1.1:53],<nil>
2025-11-14 04:56:30.837080241 +0000 UTC m=+17.778260673,"AS54113, fastly, US",<nil>,<nil>,map[],[],fastly,cdn,,443,https://0574fp.bandcamp.com,0574fp.bandcamp.com,https://0574fp.bandcamp.com/album/-,,https,,nginx,,,GET,151.101.193.91,/,,,,,,102.020128ms,29d3fd00029d29d00041d41d00041d6b5eefa2404a56c2ced79a0d16afe36c,[],[151.101.1.91 151.101.129.91 151.101.193.91 151.101.65.91],[],[],[HSTS Nginx Varnish],map[],[],11,1,303,140,false,false,false,true,false,false,,[],,,,map[PageType:error pHash:0],[1.0.0.1:53 8.8.8.8:53],<nil>
2025-11-14 04:56:30.96186787 +0000 UTC m=+17.903048302,"AS54113, fastly, US",<nil>,<nil>,map[],[],fastly,cdn,,443,https://0577fp.bandcamp.com,0577fp.bandcamp.com,https://0577fp.bandcamp.com/album/-,,https,,nginx,,,GET,151.101.193.91,/,,,,,,98.799376ms,29d3fd00029d29d00041d41d00041d6b5eefa2404a56c2ced79a0d16afe36c,[],[151.101.193.91 151.101.1.91 151.101.129.91 151.101.65.91],[],[],[HSTS Nginx Varnish],map[],[],11,1,303,140,false,false,false,true,false,false,,[],,,,map[PageType:error pHash:0],[8.8.4.4:53 127.0.0.53:53],<nil>
2025-11-14 04:56:31.18696175 +0000 UTC m=+18.128142182,"AS54113, fastly, US",<nil>,<nil>,map[],[],fastly,cdn,,443,https://0591fp.bandcamp.com,0591fp.bandcamp.com,https://0591fp.bandcamp.com/album/-,,https,,nginx,,,GET,151.101.193.91,/,,,,,,122.033415ms,29d3fd00029d29d00041d41d00041d6b5eefa2404a56c2ced79a0d16afe36c,[],[151.101.193.91 151.101.129.91 151.101.1.91 151.101.65.91],[],[],[HSTS Nginx Varnish],map[],[],11,1,303,140,false,false,false,true,false,false,,[],,,,map[PageType:error pHash:0],[1.1.1.1:53 1.0.0.1:53],<nil>
